scorer,goals,tournaments,teams
Miroslav Klose,16,4,Germany
Ronaldo,15,3,Brazil
Gerd Müller,14,2,West Germany
Lionel Messi,13,4,Argentina
Just Fontaine,13,1,France
Pelé,12,4,Brazil
Kylian Mbappé,12,2,France
Jürgen Klinsmann,11,3,"Germany, West Germany"
Sándor Kocsis,11,1,Hungary
Gabriel Batistuta,10,3,Argentina
Grzegorz Lato,10,3,Poland
Gary Lineker,10,2,England
Helmut Rahn,10,2,"Germany, West Germany"
Teófilo Cubillas,10,2,Peru
Thomas Müller,10,2,Germany
Uwe Seeler,9,4,West Germany
David Villa,9,3,Spain
Karl-Heinz Rummenigge,9,3,West Germany
Roberto Baggio,9,3,Italy
Christian Vieri,9,2,Italy
Jairzinho,9,2,Brazil
Paolo Rossi,9,2,Italy
Vavá,9,2,Brazil
Eusébio,9,1,Portugal
Cristiano Ronaldo,8,5,Portugal
Diego Maradona,8,3,Argentina
Neymar,8,3,Brazil
Rudi Völler,8,3,"Germany, West Germany"
Harry Kane,8,2,England
Leônidas,8,2,Brazil
Rivaldo,8,2,Brazil
Óscar Míguez,8,2,Uruguay
Ademir,8,1,Brazil
Guillermo Stábile,8,1,Argentina
Andrzej Szarmach,7,3,Poland
Luis Suárez,7,3,Uruguay
Careca,7,2,Brazil
Hans Schäfer,7,2,"Germany, West Germany"
Johnny Rep,7,2,Netherlands
Lajos Tichy,7,2,Hungary
Oldich Nejedlý,7,2,Czechoslovakia
Arjen Robben,6,3,Netherlands
Asamoah Gyan,6,3,Ghana
Ivan Periši,6,3,Croatia
Lothar Matthäus,6,3,"Germany, West Germany"
Robin van Persie,6,3,Netherlands
Bebeto,6,2,Brazil
Dennis Bergkamp,6,2,Netherlands
Diego Forlán,6,2,Uruguay
Enner Valencia,6,2,Ecuador
György Sárosi,6,2,Hungary
Rivellino,6,2,Brazil
Rob Rensenbrink,6,2,Netherlands
Thierry Henry,6,2,France
Wesley Sneijder,6,2,Netherlands
Zbigniew Boniek,6,2,Poland
Davor Šuker,6,1,Croatia
Erich Probst,6,1,Austria
Helmut Haller,6,1,West Germany
Hristo Stoichkov,6,1,Bulgaria
James Rodríguez,6,1,Colombia
Josef Hügi,6,1,Switzerland
Mario Kempes,6,1,Argentina
Max Morlock,6,1,Germany
Oleg Salenko,6,1,Russia
Salvatore Schillaci,6,1,Italy
Edinson Cavani,5,3,Uruguay
Fernando Hierro,5,3,Spain
Henrik Larsson,5,3,Sweden
Michel Platini,5,3,France
Raúl,5,3,Spain
Tim Cahill,5,3,Australia
Xherdan Shaqiri,5,3,Switzerland
Alessandro Altobelli,5,2,Italy
Fernando Morientes,5,2,Spain
Franz Beckenbauer,5,2,West Germany
Garrincha,5,2,Brazil
Geoff Hurst,5,2,England
Gonzalo Higuaín,5,2,Argentina
Hans Krankl,5,2,Austria
Jon Dahl Tomasson,5,2,Denmark
Juan Alberto Schiaffino,5,2,Uruguay
Landon Donovan,5,2,United States
Lukas Podolski,5,2,Germany
Marc Wilmots,5,2,Belgium
Mario Mandžuki,5,2,Croatia
Olivier Giroud,5,2,France
Roger Milla,5,2,Cameroon
Romelu Lukaku,5,2,Belgium
Valentin Kozmich Ivanov,5,2,Soviet Union
Zico,5,2,Brazil
Zinédine Zidane,5,2,France
Emilio Butragueño,5,1,Spain
Gyula Zsengellér,5,1,Hungary
Johan Neeskens,5,1,Netherlands
Kennet Andersson,5,1,Sweden
Pedro Cea,5,1,Uruguay
Peter McParland,5,1,Northern Ireland
Romário,5,1,Brazil
Silvio Piola,5,1,Italy
Tomáš Skuhravý,5,1,Czechoslovakia
Clint Dempsey,4,3,United States
Dominique Rocheteau,4,3,France
Javier Hernández,4,3,Mexico
Joe Jordan,4,3,Scotland
Keisuke Honda,4,3,Japan
Ahmed Musa,4,2,Nigeria
Andreas Brehme,4,2,West Germany
André Abegglen,4,2,Switzerland
Bobby Charlton,4,2,England
Claudio Caniggia,4,2,Argentina
Daniel Bertoni,4,2,Argentina
Fernando Torres,4,2,Spain
Hernán Crespo,4,2,Argentina
Igor Chislenko,4,2,Soviet Union
Jan Ceulemans,4,2,Belgium
Kazimierz Deyna,4,2,Poland
Michael Owen,4,2,England
Oliver Bierhoff,4,2,Germany
Paul Breitner,4,2,West Germany
Pauleta,4,2,Portugal
Raymond Kopa,4,2,France
René Houseman,4,2,Argentina
Sócrates,4,2,Brazil
Tomas Brolin,4,2,Sweden
Agne Simonsson,4,1,Sweden
Alcides Ghiggia,4,1,Uruguay
Anatoliy Byshovets,4,1,Soviet Union
Angelo Schiavio,4,1,Italy
Antoine Griezmann,4,1,France
Bert Patenaude,4,1,United States
Carlos Borges,4,1,Uruguay
Denis Cheryshev,4,1,Russia
Dražan Jerkovi,4,1,Yugoslavia
Edmund Conen,4,1,Germany
Ernst Wilimowski,4,1,Poland
Estanislau Basora,4,1,Spain
Ferenc Bene,4,1,Hungary
Ferenc Puskás,4,1,Hungary
Florin Rducioiu,4,1,Romania
Flórián Albert,4,1,Hungary
Francisco Aramburu,4,1,Brazil
Gino Colaussi,4,1,Italy
Igor Belanov,4,1,Soviet Union
Jorge Valdano,4,1,Argentina
Julián Álvarez,4,1,Argentina
Kurt Hamrin,4,1,Sweden
Leonel Sánchez,4,1,Chile
Leopoldo Luque,4,1,Argentina
Marcelo Salas,4,1,Chile
Martin Dahlin,4,1,Sweden
Míchel,4,1,Spain
Nándor Hidegkuti,4,1,Hungary
Ottmar Walter,4,1,Germany
Preben Elkjær,4,1,Denmark
Ralf Edström,4,1,Sweden
Robert Ballaman,4,1,Switzerland
Róbert Vittek,4,1,Slovakia
Telmo Zarra,4,1,Spain
Valeriy Porkujan,4,1,Soviet Union
Zdenk Zikán,4,1,Czechoslovakia
David Beckham,3,3,England
Julio Salinas,3,3,Spain
Park Ji-sung,3,3,Korea Republic
Rafael Márquez,3,3,Mexico
Sami Al-Jaber,3,3,Saudi Arabia
Ángel Di María,3,3,Argentina
Agustín Delgado,3,2,Ecuador
Ahn Jung-hwan,3,2,Korea Republic
Aleksandar Mitrovic,3,2,Serbia
Alfred Körner,3,2,Austria
Andrej Kramaric,3,2,Croatia
André Ayew,3,2,Ghana
Baltazar,3,2,Brazil
Bernard Genghini,3,2,France
Brian McBride,3,2,United States
Carlos Tevez,3,2,Argentina
Daniel Passarella,3,2,Argentina
Didi,3,2,Brazil
Dragan Stojkovi,3,2,"FR Yugoslavia, Yugoslavia"
Enzo Scifo,3,2,Belgium
Gianni Rivera,3,2,Italy
Giuseppe Meazza,3,2,Italy
Géza Toldi,3,2,Hungary
Jacques Fatton,3,2,Switzerland
Jean Nicolas,3,2,France
Jorge Burruchaga,3,2,Argentina
Memphis,3,2,Netherlands
Mile Jedinak,3,2,Australia
Nelson Cuevas,3,2,Paraguay
Oscar,3,2,Brazil
Paulo Wanchope,3,2,Costa Rica
Pierre Littbarski,3,2,West Germany
Robert Prosinecki,3,2,"Croatia, Yugoslavia"
Rónald Gómez,3,2,Costa Rica
Salem Al-Dawsari,3,2,Saudi Arabia
Samuel Eto'o,3,2,Cameroon
Son Heung-min,3,2,Korea Republic
Steven Gerrard,3,2,England
Sven Jonasson,3,2,Sweden
Toni Kroos,3,2,Germany
Tostão,3,2,Brazil
Wahbi Khazri,3,2,Tunisia
Walter Schachner,3,2,Austria
Wolfgang Overath,3,2,West Germany
Youssef En-Nesyri,3,2,Morocco
tefan Dobay,3,2,Romania
Adolf Scherer,3,1,Czechoslovakia
Alain Giresse,3,1,France
Amarildo Tavares da Silveira,3,1,Brazil
André Schürrle,3,1,Germany
Arne Nyberg,3,1,Sweden
Artem Dzyuba,3,1,Russia
Bukayo Saka,3,1,England
Burhan Sargun,3,1,Türkiye
Carlos Peucelle,3,1,Argentina
Cody Gakpo,3,1,Netherlands
César Sampaio,3,1,Brazil
David Platt,3,1,England
Diego Costa,3,1,Spain
Dirceu,3,1,Brazil
Dušan Bajevi,3,1,Yugoslavia
Eden Hazard,3,1,Belgium
Eduard Malofeyev,3,1,Soviet Union
Ernst Stojaspal,3,1,Austria
Fritz Walter,3,1,Germany
Gerry Armstrong,3,1,Northern Ireland
Gheorghe Hagi,3,1,Romania
Gonçalo Ramos,3,1,Portugal
Gustav Wetterström,3,1,Sweden
Harry Andersson,3,1,Sweden
Héctor Socorro,3,1,Cuba
Ilhan Mansiz,3,1,Türkiye
Ivan Bek,3,1,Yugoslavia
Jesper Olsen,3,1,Denmark
Johan Cruyff,3,1,Netherlands
José Augusto Torres,3,1,Portugal
José Augusto de Almeida,3,1,Portugal
José Luis Caminero,3,1,Spain
José Perácio,3,1,Brazil
Juan Hohberg,3,1,Uruguay
Karim Benzema,3,1,France
Karl-Erik Palmér,3,1,Sweden
Leopold Kielholz,3,1,Switzerland
Luigi Riva,3,1,Italy
Luis Artime,3,1,Argentina
Luis Hernández,3,1,Mexico
Luís Fabiano,3,1,Brazil
László Kiss,3,1,Hungary
Léopold Anoul,3,1,Belgium
Marcus Rashford,3,1,England
Michael Ballack,3,1,Germany
Milan Gali,3,1,Yugoslavia
Nat Lofthouse,3,1,England
Nico Claesen,3,1,Belgium
Oreste Corbatta,3,1,Argentina
Paulo Roberto Falcão,3,1,Brazil
Peregrino Anselmo,3,1,Uruguay
Preguinho,3,1,Brazil
Raimundo Orsi,3,1,Italy
Richarlison,3,1,Brazil
Robbie Keane,3,1,Republic of Ireland
Roberto Dinamite,3,1,Brazil
Roger Hunt,3,1,England
Roger Piantoni,3,1,France
Romeu Pellicciari,3,1,Brazil
Stig Sundqvist,3,1,Sweden
Suat Mamat,3,1,Türkiye
Theodor Wagner,3,1,Austria
Todor Veselinovi,3,1,Yugoslavia
Yerry Mina,3,1,Colombia
Zoltán Czibor,3,1,Hungary
Álvaro Morata,3,1,Spain
Alberto García Aspe,2,2,Mexico
Alessandro Del Piero,2,2,Italy
Benni McCarthy,2,2,South Africa
Blerim Džemaili,2,2,Switzerland
Cuauhtémoc Blanco,2,2,Mexico
Daley Blind,2,2,Netherlands
Dan Petrescu,2,2,Romania
Dennis Rommedahl,2,2,Denmark
Didier Drogba,2,2,Côte d'Ivoire
Dries Mertens,2,2,Belgium
Egisto Pandolfini,2,2,Italy
Erwin Vandenbergh,2,2,Belgium
François Omam-Biyik,2,2,Cameroon
Fred,2,2,Brazil
Granit Xhaka,2,2,Switzerland
Hristo Bonev,2,2,Bulgaria
Hwang Sun-hong,2,2,Korea Republic
Ivica Olic,2,2,Croatia
Jan Vertonghen,2,2,Belgium
Jean Beausejour,2,2,Chile
Jean Vincent,2,2,France
Juan Cuadrado,2,2,Colombia
Juan Quintero,2,2,Colombia
Juanito,2,2,Spain
József Tóth,2,2,Hungary
Kenny Dalglish,2,2,Scotland
Kevin De Bruyne,2,2,Belgium
Kim Young-gwon,2,2,Korea Republic
Kjetil Rekdal,2,2,Norway
Klaas-Jan Huntelaar,2,2,Netherlands
Luis Cubilla,2,2,Uruguay
Luis Enrique,2,2,Spain
Marc Degryse,2,2,Belgium
Marcos Rojo,2,2,Argentina
Marouane Fellaini,2,2,Belgium
Martin Peters,2,2,England
Mesut Özil,2,2,Germany
Michael Laudrup,2,2,Denmark
Michy Batshuayi,2,2,Belgium
Mário Zagallo,2,2,Brazil
Nasko Sirakov,2,2,Bulgaria
Obdulio Varela,2,2,Uruguay
Oleh Blokhin,2,2,Soviet Union
Oleksandr Zavarov,2,2,Soviet Union
Oliver Neuville,2,2,Germany
Patrick M'Boma,2,2,Cameroon
Paul Pogba,2,2,France
Pepe,2,2,Portugal
Romeo Benetti,2,2,Italy
Sami Khedira,2,2,Germany
Shinji Okazaki,2,2,Japan
Simão Sabrosa,2,2,Portugal
Sulley Muntari,2,2,Ghana
Thiago Silva,2,2,Brazil
Tom Finney,2,2,England
Vincenzo Iaquinta,2,2,Italy
Wodzimierz Smolarek,2,2,Poland
Xabi Alonso,2,2,Spain
Yoo Sang-chul,2,2,Korea Republic
Abdeljalil Hadda,2,1,Morocco
Abdelmoumene Djabou,2,1,Algeria
Abderrazak Khairi,2,1,Morocco
Abdulrahman Fawzi,2,1,Egypt
Adolfo Valencia,2,1,Colombia
Adolfo Zumelzú,2,1,Argentina
Adrian Knup,2,1,Switzerland
Adriano,2,1,Brazil
Alan Shearer,2,1,England
Alberto Gallardo,2,1,Peru
Aleksandar Petakovi,2,1,Yugoslavia
Alexander Frei,2,1,Switzerland
Alexis Sánchez,2,1,Chile
Anatoli Ilyin,2,1,Soviet Union
Andreas Granqvist,2,1,Sweden
Andriy Shevchenko,2,1,Ukraine
André Maschinot,2,1,France
Andrés Iniesta,2,1,Spain
Antonín Panenka,2,1,Czechoslovakia
Antonín Pu,2,1,Czechoslovakia
Archie Gemmill,2,1,Scotland
Arie Haan,2,1,Netherlands
Ariel Ortega,2,1,Argentina
Aruna Dindane,2,1,Côte d'Ivoire
Atilio Cremaschi,2,1,Chile
Bartosz Bosacki,2,1,Poland
Bastian Schweinsteiger,2,1,Germany
Bernard Voorhoof,2,1,Belgium
Bernardo Redín,2,1,Colombia
Billy Hamilton,2,1,Northern Ireland
Breel Embolo,2,1,Switzerland
Brett Holman,2,1,Australia
Brian Laudrup,2,1,Denmark
Bruno Fernandes,2,1,Portugal
Bryan Robson,2,1,England
Bryan Ruiz,2,1,Costa Rica
Carlos Tenorio,2,1,Ecuador
Carlos Vidal,2,1,Chile
Cho Guesung,2,1,Korea Republic
Daniel Amokachi,2,1,Nigeria
Darko Panev,2,1,Yugoslavia
David Luiz,2,1,Brazil
Davor Jozi,2,1,Yugoslavia
Derek Kevan,2,1,England
Didier Six,2,1,France
Dieter Müller,2,1,West Germany
Dino Baggio,2,1,Italy
Eladio Rojas,2,1,Chile
Elano,2,1,Brazil
Emmanuel Amunike,2,1,Nigeria
Emmanuel Petit,2,1,France
Emmanuel Sanon,2,1,Haiti
Ernie Brandts,2,1,Netherlands
Ernst Lehner,2,1,Germany
Ernst Ocwirk,2,1,Austria
Fernando Quirarte,2,1,Mexico
Ferrán Torres,2,1,Spain
Florea Dumitrache,2,1,Romania
Florencio Amarilla,2,1,Paraguay
Fuad Anwar,2,1,Saudi Arabia
Gabi Balint,2,1,Romania
Gervinho,2,1,Côte d'Ivoire
Giacomo Bulgarelli,2,1,Italy
Giorgian De Arrascaeta,2,1,Uruguay
Giovanni Ferrari,2,1,Italy
Guillermo Subiabre,2,1,Chile
Gábor Pölöskei,2,1,Hungary
Hasan Sas,2,1,Türkiye
Hasse Jeppson,2,1,Sweden
Heinz Flohe,2,1,West Germany
Henri Camara,2,1,Senegal
Hong Myung-bo,2,1,Korea Republic
Héctor Castro,2,1,Uruguay
Héctor Yazalde,2,1,Argentina
Ilie Dumitrescu,2,1,Romania
Ion Andoni Goikoetxea,2,1,Spain
Islam Slimani,2,1,Algeria
Ivica Šurjak,2,1,Yugoslavia
Ivor Allchurch,2,1,Wales
Ivor Broadis,2,1,England
Jackson Martínez,2,1,Colombia
Jaime Ramírez,2,1,Chile
Jair da Rosa Pinto,2,1,Brazil
Jared Borgetti,2,1,Mexico
Javier Valdivia,2,1,Mexico
Jean-Pierre Papin,2,1,France
Joachim Streich,2,1,Germany DR
Johann Horvath,2,1,Austria
John Stones,2,1,England
John Wark,2,1,Scotland
Jorge Lino Romero,2,1,Paraguay
Jorge Toro,2,1,Chile
Josimar,2,1,Brazil
José Altafini,2,1,Brazil
José Iraragorri,2,1,Spain
José Lázaro Robles,2,1,Brazil
José Parodi,2,1,Paraguay
José Sasía,2,1,Uruguay
Juan Bautista Agüero,2,1,Paraguay
Julio Abbadie,2,1,Uruguay
Julio César Romero,2,1,Paraguay
Junichi Inamoto,2,1,Japan
Júlio Botelho,2,1,Brazil
Kai Havertz,2,1,Germany
Kalu Uche,2,1,Nigeria
Karl Hohmann,2,1,Germany
Klaus Allofs,2,1,West Germany
Klaus Fischer,2,1,West Germany
Kosta Tomaševi,2,1,Yugoslavia
Kudus Mohammed,2,1,Ghana
Kálmán Mészöly,2,1,Hungary
Ladislav Petráš,2,1,Czechoslovakia
Lee Chung-yong,2,1,Korea Republic
Lee Jung-soo,2,1,Korea Republic
Lefter Küçükandonyadis,2,1,Türkiye
Lilian Thuram,2,1,France
Luca Toni,2,1,Italy
Luis García Postigo,2,1,Mexico
Luis Monti,2,1,Argentina
Luka Modric,2,1,Croatia
László Fazekas,2,1,Hungary
Maniche,2,1,Portugal
Manuel Rosas,2,1,Mexico
Marco Materazzi,2,1,Italy
Marco Tardelli,2,1,Italy
Mario Götze,2,1,Germany
Marius Lctu,2,1,Romania
Maryan Wisnieski,2,1,France
Mats Hummels,2,1,Germany
Maxi Rodríguez,2,1,Argentina
Mehdi Taremi,2,1,IR Iran
Michal Bílek,2,1,Czechoslovakia
Mihály Lantos,2,1,Hungary
Milan Dvoák,2,1,Czechoslovakia
Moderato Wisintainer,2,1,Brazil
Mohamed Salah,2,1,Egypt
Müller,2,1,Brazil
Nelinho,2,1,Brazil
Niclas Füllkrug,2,1,Germany
Nikola Žigi,2,1,Serbia and Montenegro
Nils Liedholm,2,1,Sweden
Omar Bravo,2,1,Mexico
Pablo Dorado,2,1,Uruguay
Pak Seung-zin,2,1,Korea DPR
Papa Bouba Diop,2,1,Senegal
Patrick Kluivert,2,1,Netherlands
Patrick Vieira,2,1,France
Philippe Albert,2,1,Belgium
Philippe Coutinho,2,1,Brazil
Phillip Cocu,2,1,Netherlands
Pál Titkos,2,1,Hungary
Péter Palotás,2,1,Hungary
Rafael Leão,2,1,Portugal
Ramón Calderé,2,1,Spain
Raoul Lambert,2,1,Belgium
Ricardo Peláez,2,1,Mexico
Riccardo Carapellese,2,1,Italy
Ritsu Doan,2,1,Japan
Robert Lewandowski,2,1,Poland
Roberto Bettega,2,1,Italy
Roberto Boninsegna,2,1,Italy
Roberto Cabañas,2,1,Paraguay
Robinho,2,1,Brazil
Roland Sandberg,2,1,Sweden
Ron Flowers,2,1,England
Ronald de Boer,2,1,Netherlands
Ronaldinho,2,1,Brazil
Rubén Marcos,2,1,Chile
Salah Assad,2,1,Algeria
Salaheddine Bassir,2,1,Morocco
Santos Iriarte,2,1,Uruguay
Serginho Chulapa,2,1,Brazil
Sergio Agüero,2,1,Argentina
Shaun Bartlett,2,1,South Africa
Silvestre Igoa,2,1,Spain
Slobodan Komljenovi,2,1,FR Yugoslavia
Stanislav Karasi,2,1,Yugoslavia
Sune Andersson,2,1,Sweden
Takashi Inui,2,1,Japan
Theodore Whitmore,2,1,Jamaica
Tiago Mendes,2,1,Portugal
Tibor Nyilasi,2,1,Hungary
Tomáš Rosický,2,1,Czech Republic
Trevor Francis,2,1,England
Viktor Ponedelnik,2,1,Soviet Union
Vincent Aboubakar,2,1,Cameroon
Viorel Moldovan,2,1,Romania
Václav Hovorka,2,1,Czechoslovakia
Wilfried Bony,2,1,Côte d'Ivoire
Wilfried Van Moer,2,1,Belgium
Wim Jonk,2,1,Netherlands
Wout Weghorst,2,1,Netherlands
Yannick Stopyra,2,1,France
Yordan Letchkov,2,1,Bulgaria
Zizinho,2,1,Brazil
ore Vujadinovi,2,1,Yugoslavia
Éder Aleixo de Assis,2,1,Brazil
Ümit Davala,2,1,Türkiye
Željko ajkovski,2,1,Yugoslavia
Abdelkrim Merry,1,1,Morocco
Abdullah Al-Buloushi,1,1,Kuwait
Abel Balbo,1,1,Argentina
Achraf Dari,1,1,Morocco
Adalbert Deu,1,1,Romania
Adelardo Rodríguez,1,1,Spain
Admir Mehmedi,1,1,Switzerland
Adnan Januzaj,1,1,Belgium
Adrian Ilie,1,1,Romania
Adrien Rabiot,1,1,France
Ahmed Radhi,1,1,Iraq
Alain Couriol,1,1,France
Alain Sutter,1,1,Switzerland
Alan Mullery,1,1,England
Albert Brülls,1,1,West Germany
Alberto Galateo,1,1,Argentina
Alberto Gilardino,1,1,Italy
Alberto Górriz,1,1,Spain
Alberto Tarantini,1,1,Argentina
Aldo Donelli,1,1,United States
Aldo Serena,1,1,Italy
Alejandro Scopelli,1,1,Argentina
Aleksandar Kolarov,1,1,Serbia
Aleksandar Tirnani,1,1,Yugoslavia
Aleksandr Golovin,1,1,Russia
Aleksandr Ivanov,1,1,Soviet Union
Aleksandr Kerzhakov,1,1,Russia
Aleksandr Kokorin,1,1,Russia
Aleksandre Chivadze,1,1,Soviet Union
Aleksei Mamykin,1,1,Soviet Union
Alexandre Czerniatynski,1,1,Belgium
Alexandru Neagu,1,1,Romania
Alexis Mac Allister,1,1,Argentina
Alfred Bickel,1,1,Switzerland
Alfred Pfaff,1,1,Germany
Alfredo II,1,1,Brazil
Alfredo del Águila,1,1,Mexico
Alfreð Finnbogason,1,1,Iceland
Ali Kaabi,1,1,Tunisia
Ali Thani Jumaa,1,1,United Arab Emirates
Allan Clarke,1,1,England
Allan Nielsen,1,1,Denmark
Alphonso Davies,1,1,Canada
Amancio Amaro,1,1,Spain
Amleto Frignani,1,1,Italy
Anatoliy Banishevskiy,1,1,Soviet Union
Anders Svensson,1,1,Sweden
Andoni Goikoetxea,1,1,Spain
Andrea Pirlo,1,1,Italy
Andreas Christensen,1,1,Denmark
Andreas Herzog,1,1,Austria
Andreas Möller,1,1,Germany
Andreas Ogris,1,1,Austria
Andreas Samaris,1,1,Greece
Andrei Zygmantovich,1,1,Soviet Union
Andriy Bal,1,1,Soviet Union
Andriy Rusol,1,1,Ukraine
Andrzej Buncol,1,1,Poland
András Tóth,1,1,Hungary
André Carrillo,1,1,Peru
Andrés Guardado,1,1,Mexico
Andrés Prieto,1,1,Chile
Angelo Domenghini,1,1,Italy
Ante Rebic,1,1,Croatia
Antolín Alcaraz,1,1,Paraguay
Anton Schall,1,1,Austria
Antonio Alzamendi,1,1,Uruguay
Antonio Cabrini,1,1,Italy
Antonio Di Natale,1,1,Italy
Antonio Rada,1,1,Colombia
António Simões,1,1,Portugal
Ao Tanaka,1,1,Japan
Arne Brustad,1,1,Norway
Arne Friedrich,1,1,Germany
Aron Winter,1,1,Netherlands
Arturo Vázquez Ayala,1,1,Mexico
Asparuh Nikodimov,1,1,Bulgaria
Atilio López,1,1,Paraguay
Aurélien Tchouaméni,1,1,France
Avdija Vršajevi,1,1,Bosnia and Herzegovina
Bakari Koné,1,1,Côte d'Ivoire
Bamba Dieng,1,1,Senegal
Bart McGhee,1,1,United States
Benito Lorenzi,1,1,Italy
Benjamin Pavard,1,1,France
Bernard Lacombe,1,1,France
Bernd Hölzenbein,1,1,West Germany
Bernd Schneider,1,1,Germany
Bernhard Cullmann,1,1,West Germany
Bernhard Klodt,1,1,Germany
Beto,1,1,Portugal
Bixente Lizarazu,1,1,France
Blagoje Marjanovi,1,1,Yugoslavia
Blaise Matuidi,1,1,France
Bobby Collins,1,1,Scotland
Bonaventure Kalou,1,1,Côte d'Ivoire
Bongani Khumalo,1,1,South Africa
Boudewijn Zenden,1,1,Netherlands
Boulaye Dia,1,1,Senegal
Branco,1,1,Brazil
Branko Oblak,1,1,Yugoslavia
Branko Zebec,1,1,Yugoslavia
Bror Mellberg,1,1,Sweden
Bruce Murray,1,1,United States
Bruno Conti,1,1,Italy
Bruno Mora,1,1,Italy
Bruno Petkovic,1,1,Croatia
Bruno Pezzey,1,1,Austria
Bryan Roy,1,1,Netherlands
Bülent Korkmaz,1,1,Türkiye
Cacau,1,1,Germany
Carles Puyol,1,1,Spain
Carlo Costly,1,1,Honduras
Carlo Galli,1,1,Italy
Carlos Alberto Torres,1,1,Brazil
Carlos Babington,1,1,Argentina
Carlos Blanco,1,1,Mexico
Carlos Manuel,1,1,Portugal
Carlos Soler,1,1,Spain
Carlos Valderrama,1,1,Colombia
Carlos Vela,1,1,Mexico
Carsten Jancker,1,1,Germany
Casemiro,1,1,Brazil
Cayetano Ré,1,1,Paraguay
Celso Ayala,1,1,Paraguay
Charles Antenen,1,1,Switzerland
Charles Aránguiz,1,1,Chile
Choi Soon-ho,1,1,Korea Republic
Christian Eriksen,1,1,Denmark
Christian Lopez,1,1,France
Christian Pulisic,1,1,United States
Christophe Dugarry,1,1,France
Claudio López,1,1,Argentina
Claudio Marchisio,1,1,Italy
Claudio Suárez,1,1,Mexico
Clint Mathis,1,1,United States
Clodoaldo,1,1,Brazil
Colin Clarke,1,1,Northern Ireland
Conny Torstensson,1,1,Sweden
Constantin Stanciu,1,1,Romania
Craig Burley,1,1,Scotland
Craig Goodwin,1,1,Australia
Craig Moore,1,1,Australia
Cristian Riveros,1,1,Paraguay
César Cueto,1,1,Peru
César López Fretes,1,1,Paraguay
Daizen Maeda,1,1,Japan
Damien Duff,1,1,Republic of Ireland
Dan Eggen,1,1,Norway
Dani Olmo,1,1,Spain
Daniel Borimirov,1,1,Bulgaria
Daniel Fonseca,1,1,Uruguay
Daniel Ruiz,1,1,Spain
Daniel Sturridge,1,1,England
Daniel Veyt,1,1,Belgium
Daniele De Rossi,1,1,Italy
Daniele Massaro,1,1,Italy
Darijo Srna,1,1,Croatia
Darren Anderton,1,1,England
Darío Rodríguez,1,1,Uruguay
David Embé,1,1,Cameroon
David Narey,1,1,Scotland
David Trezeguet,1,1,France
Davy Klaassen,1,1,Netherlands
Deco,1,1,Portugal
Dele Alli,1,1,England
Dennis Wilshaw,1,1,England
Denzel Dumfries,1,1,Netherlands
Diamantino Miranda,1,1,Portugal
Dick Nanninga,1,1,Netherlands
Diego Godín,1,1,Uruguay
Dimitris Salpingidis,1,1,Greece
Dinko Dermendzhiev,1,1,Bulgaria
Dirk Kuyt,1,1,Netherlands
Divock Origi,1,1,Belgium
Djalma Santos,1,1,Brazil
Djamel Zidane,1,1,Algeria
Dmitri Radchenko,1,1,Russia
Dmitri Sychev,1,1,Russia
Dobromir Zhechev,1,1,Bulgaria
Domagoj Vida,1,1,Croatia
Dragan Džaji,1,1,Yugoslavia
Dušan Vlahovi,1,1,Serbia
Dylan Bronn,1,1,Tunisia
Earnie Stewart,1,1,United States
Ebbe Sand,1,1,Denmark
Edgar Davids,1,1,Netherlands
Edin Džeko,1,1,Bosnia and Herzegovina
Edinho,1,1,Brazil
Edmílson,1,1,Brazil
Eduardo Laing,1,1,Honduras
Eduardo Vargas,1,1,Chile
Eloy Olaya,1,1,Spain
Emerich Dembrovschi,1,1,Romania
Emil Forsberg,1,1,Sweden
Emil Kostadinov,1,1,Bulgaria
Emile Heskey,1,1,England
Emmanuel Kundé,1,1,Cameroon
Emmanuel Olisadebe,1,1,Poland
Emre Belözolu,1,1,Türkiye
Enrique Borja,1,1,Mexico
Enrique Guaita,1,1,Italy
Enrique Saura,1,1,Spain
Enrique Vera,1,1,Paraguay
Enzo Fernández,1,1,Argentina
Enzo Francescoli,1,1,Uruguay
Eric Maxim Choupo-Moting,1,1,Cameroon
Eric Wynalda,1,1,United States
Erich Obermayer,1,1,Austria
Ermes Muccinelli,1,1,Italy
Ermindo Onega,1,1,Argentina
Ern Solymosi,1,1,Hungary
Ernesto Belis,1,1,Argentina
Ernesto Vidal,1,1,Uruguay
Erol Keskin,1,1,Türkiye
Erwin Sánchez,1,1,Bolivia
Esteban Cambiasso,1,1,Argentina
Eugen Walaschek,1,1,Switzerland
Eugène Ekéké,1,1,Cameroon
Fabio Capello,1,1,Italy
Fabio Grosso,1,1,Italy
Fabio Quagliarella,1,1,Italy
Fahad Al-Ghesheyan,1,1,Saudi Arabia
Faisal Al-Dakhil,1,1,Kuwait
Fakhreddine Ben Youssef,1,1,Tunisia
Famara Diedhiou,1,1,Senegal
Felipe Baloy,1,1,Panama
Ferjani Sassi,1,1,Tunisia
Fernandinho,1,1,Brazil
Fernando Riera,1,1,Chile
Filippo Inzaghi,1,1,Italy
Finidi George,1,1,Nigeria
Florent Malouda,1,1,France
Flávio Amado,1,1,Angola
Francesco Graziani,1,1,Italy
Francesco Totti,1,1,Italy
Francisco Arce,1,1,Paraguay
Francisco Fonseca,1,1,Mexico
Francisco Varallo,1,1,Argentina
Francisco Zuluaga,1,1,Colombia
Franck Ribéry,1,1,France
Franco Causio,1,1,Italy
Frank Wallace,1,1,United States
Franky Vercauteren,1,1,Belgium
František Svoboda,1,1,Czechoslovakia
Freddie Ljungberg,1,1,Sweden
Freddy Rincón,1,1,Colombia
Frenkie de Jong,1,1,Netherlands
Friaça,1,1,Brazil
Friedrich Scherfke,1,1,Poland
Fulvio Nesti,1,1,Italy
Gabriel Heinze,1,1,Argentina
Gabriel Mercado,1,1,Argentina
Gaizka Mendieta,1,1,Spain
Gareth Bale,1,1,Wales
Gary Breen,1,1,Republic of Ireland
Gaston Taument,1,1,Netherlands
Gavi,1,1,Spain
Gelson Fernandes,1,1,Switzerland
Genki Haraguchi,1,1,Japan
George Robledo,1,1,Chile
Georges Bregy,1,1,Switzerland
Georges Grün,1,1,Belgium
Georges Verriest,1,1,France
Georgi Asparuhov,1,1,Bulgaria
Georgi Sokolov,1,1,Bulgaria
Georginio Wijnaldum,1,1,Netherlands
Georgios Samaras,1,1,Greece
Gerardo Torrado,1,1,Mexico
Gerhard Rodax,1,1,Austria
Germán Aceros,1,1,Colombia
Gerry Hitchens,1,1,England
Giampiero Boniperti,1,1,Italy
Gianluca Zambrotta,1,1,Italy
Gilberto,1,1,Brazil
Gino Pariani,1,1,United States
Giovani dos Santos,1,1,Mexico
Giovanni van Bronckhorst,1,1,Netherlands
Giuseppe Giannini,1,1,Italy
Glenn Strömberg,1,1,Sweden
Goran Vlaovic,1,1,Croatia
Gordon Strachan,1,1,Scotland
Graeme Souness,1,1,Scotland
Grzegorz Krychowiak,1,1,Poland
Grégoire M'Bida,1,1,Cameroon
Guillermo La Rosa,1,1,Peru
Gunnar Gren,1,1,Sweden
Gustavo Moscoso,1,1,Chile
Gustavo Peña,1,1,Mexico
Gylfi Sigurðsson,1,1,Iceland
Gérard Hausser,1,1,France
Gérard Soler,1,1,France
Gérson,1,1,Brazil
Gösta Dunker,1,1,Sweden
Ha Seok-ju,1,1,Korea Republic
Haji Wright,1,1,United States
Hakan ükür,1,1,Türkiye
Hakim Ziyech,1,1,Morocco
Hamid Estili,1,1,IR Iran
Haminu Draman,1,1,Ghana
Hans Cieslarczyk,1,1,West Germany
Hansi Müller,1,1,West Germany
Haris Seferovi,1,1,Switzerland
Harry Kewell,1,1,Australia
Harry Maguire,1,1,England
Hassan Nader,1,1,Morocco
Hassan Rowshan,1,1,IR Iran
Heinz Schneiter,1,1,Switzerland
Henri Coppens,1,1,Belgium
Henri Isemborghs,1,1,Belgium
Henry Martín,1,1,Mexico
Hernán Gaviria,1,1,Colombia
Hernán Medford,1,1,Costa Rica
Hidetoshi Nakata,1,1,Japan
Hiroaki Morishima,1,1,Japan
Hirving Lozano,1,1,Mexico
Horacio Casarín,1,1,Mexico
Horst Hrubesch,1,1,West Germany
Horst Szymaniak,1,1,West Germany
Houmane Jarir,1,1,Morocco
Hugo Almeida,1,1,Portugal
Hugo Sánchez,1,1,Mexico
Huh Jung-moo,1,1,Korea Republic
Hwang Hee-chan,1,1,Korea Republic
Hwangbo Kwan,1,1,Korea Republic
Håkan Mild,1,1,Sweden
Håvard Flo,1,1,Norway
Héctor Chumpitaz,1,1,Peru
Héctor De Bourgoing,1,1,France
Héctor Facundo,1,1,Argentina
Héctor Hernández,1,1,Mexico
Héctor Ortiz,1,1,Mexico
Héctor Scarone,1,1,Uruguay
Héctor Zelaya,1,1,Honduras
Iago Aspas,1,1,Spain
Igor Dobrovolski,1,1,Soviet Union
Ildo Maneiro,1,1,Uruguay
Ilija Petkovi,1,1,Yugoslavia
Iraj Danaeifard,1,1,IR Iran
Isco,1,1,Spain
Isidoro Díaz,1,1,Mexico
Isidro Lángara,1,1,Spain
Ismaila Sarr,1,1,Senegal
Iuliu Barátky,1,1,Romania
Ivan Gudelj,1,1,Yugoslavia
Ivan Hašek,1,1,Czechoslovakia
Ivan Rakitic,1,1,Croatia
Ivan Yaremchuk,1,1,Soviet Union
Ivica Vasti,1,1,Austria
Iván Kaviedes,1,1,Ecuador
Jack Grealish,1,1,England
Jackie Mudie,1,1,Scotland
Jaime Belmonte,1,1,Mexico
Jan Bednarek,1,1,Poland
Jan Koller,1,1,Czech Republic
Janusz Kupcewicz,1,1,Poland
Javier Ambrois,1,1,Uruguay
Javier Fragoso,1,1,Mexico
Javier Saviola,1,1,Argentina
Javier Zanetti,1,1,Argentina
Jawhar Mnari,1,1,Tunisia
Jean Tigana,1,1,France
Jean-Charles Castelletto,1,1,Cameroon
Jean-Marc Ferreri,1,1,France
Jen Vincze,1,1,Hungary
Jermain Defoe,1,1,England
Jermaine Jones,1,1,United States
Jerzy Gorgo,1,1,Poland
Jesse Lingard,1,1,England
Jesús María Zamora,1,1,Spain
Ji Yun-nam,1,1,Korea DPR
Jim Brown,1,1,United States
Jimmy Greaves,1,1,England
Jimmy Mullen,1,1,England
Jimmy Murray,1,1,Scotland
Jií Feureisl,1,1,Czechoslovakia
Jií Sobotka,1,1,Czechoslovakia
Joaquín Peiró,1,1,Spain
Joe Cole,1,1,England
Joe Gaetjens,1,1,United States
Joe Maca,1,1,United States
Joel Campbell,1,1,Costa Rica
Johan Walem,1,1,Belgium
John Aldridge,1,1,Republic of Ireland
John Aloisi,1,1,Australia
John Brooks,1,1,United States
John Charles,1,1,Wales
John Collins,1,1,Scotland
John Eriksen,1,1,Denmark
John Harold Lozano,1,1,Colombia
John O'Brien,1,1,United States
John Robertson,1,1,Scotland
Johnny Ekström,1,1,Sweden
Johnny Haynes,1,1,England
Jordan Henderson,1,1,England
Jorge Luis Campos,1,1,Paraguay
Jorge Valdivia,1,1,Chile
Josef Bican,1,1,Austria
Josef Gauchel,1,1,Germany
Josef Kadraba,1,1,Czechoslovakia
Josef Košálek,1,1,Czechoslovakia
Josef Masopust,1,1,Czechoslovakia
Josef Zeman,1,1,Czechoslovakia
Josep Maria Fusté,1,1,Spain
Josip Drmic,1,1,Switzerland
Josip Katalinski,1,1,Yugoslavia
Josip Skoblar,1,1,Yugoslavia
José Cardozo,1,1,Paraguay
José Luis Brown,1,1,Argentina
José Luis González Dávila,1,1,Mexico
José Luis Lamadrid,1,1,Mexico
José Luis Sierra,1,1,Chile
José Magriñá,1,1,Cuba
José María Giménez,1,1,Uruguay
José Reinaldo de Lima,1,1,Brazil
José Sanfilippo,1,1,Argentina
José Velásquez,1,1,Peru
Jozef Štibrányi,1,1,Czechoslovakia
João Félix,1,1,Portugal
Joël Matip,1,1,Cameroon
Joško Gvardiol,1,1,Croatia
Juan,1,1,Brazil
Juan Antonio Señor,1,1,Spain
Juan Carlos Letelier,1,1,Chile
Juan Carlos Valerón,1,1,Spain
Juan Carreño,1,1,Mexico
Juan Cayasso,1,1,Costa Rica
Juan Ignacio Basaguren,1,1,Mexico
Juan Manuel Asensi,1,1,Spain
Juan Mata,1,1,Spain
Juan Mujica,1,1,Uruguay
Jude Bellingham,1,1,England
Julian Green,1,1,United States
Julio César Cortés,1,1,Uruguay
Julio Pérez,1,1,Uruguay
Julius Aghahowa,1,1,Nigeria
Juninho Pernambucano,1,1,Brazil
János Farkas,1,1,Hungary
József Bencsics,1,1,Hungary
József Bozsik,1,1,Hungary
József Varga,1,1,Hungary
Júnior,1,1,Brazil
Jürgen Grabowski,1,1,West Germany
Jürgen Sparwasser,1,1,Germany DR
Kakhi Asatiani,1,1,Soviet Union
Kaká,1,1,Brazil
Kalidou Koulibaly,1,1,Senegal
Kamil Kopúnek,1,1,Slovakia
Karim Ansarifard,1,1,IR Iran
Karl Koller,1,1,Austria
Karl Sesta,1,1,Austria
Karl Zischek,1,1,Austria
Karl-Heinz Riedle,1,1,Germany
Karl-Heinz Schnellinger,1,1,West Germany
Katlego Mphela,1,1,South Africa
Keiji Tamada,1,1,Japan
Kendall Waston,1,1,Costa Rica
Kevin Sheedy,1,1,Republic of Ireland
Kevin-Prince Boateng,1,1,Ghana
Keysher Fuller,1,1,Costa Rica
Khalid Boutaïb,1,1,Morocco
Khalid Ismaïl,1,1,United Arab Emirates
Khalilou Fadiga,1,1,Senegal
Khoren Oganesian,1,1,Soviet Union
Kick Smit,1,1,Netherlands
Kieran Trippier,1,1,England
Kiko,1,1,Spain
Kim Jong-boo,1,1,Korea Republic
Knut Kroon,1,1,Sweden
Koo Ja-cheol,1,1,Korea Republic
Károly Csapó,1,1,Hungary
Károly Sándor,1,1,Hungary
Lajos Détári,1,1,Hungary
Lakhdar Belloumi,1,1,Algeria
Laurent Blanc,1,1,France
Lee Chun-soo,1,1,Korea Republic
Lee Eul-yong,1,1,Korea Republic
Lee Keun-ho,1,1,Korea Republic
Leen Vente,1,1,Netherlands
Lei Clijsters,1,1,Belgium
Lennart Skoglund,1,1,Sweden
Leovegildo Lins da Gama Júnior,1,1,Brazil
Leroy Fer,1,1,Netherlands
Li Dong-woon,1,1,Korea DPR
Liédson,1,1,Portugal
Lothar Emmerich,1,1,West Germany
Lovro Majer,1,1,Croatia
Luboš Kubík,1,1,Czechoslovakia
Luc Nilis,1,1,Belgium
Lucas Paquetá,1,1,Brazil
Lucas Radebe,1,1,South Africa
Lucien Laurent,1,1,France
Ludo Coeck,1,1,Belgium
Ludovico Avio,1,1,Argentina
Ludwig Augustinsson,1,1,Sweden
Luigi Di Biagio,1,1,Italy
Luis Chávez,1,1,Mexico
Luis Fernández,1,1,France
Luis Flores,1,1,Mexico
Luis Ramírez Zapata,1,1,El Salvador
Luis Regueiro,1,1,Spain
Luis Vargas Peña,1,1,Paraguay
Luis de Souza Ferreira,1,1,Peru
Lázár Szentes,1,1,Hungary
Léider Preciado,1,1,Colombia
M'Baye Niang,1,1,Senegal
Magdi Abdelghani,1,1,Egypt
Maicon Sisenando,1,1,Brazil
Maksym Kalynychenko,1,1,Ukraine
Maneca,1,1,Brazil
Manuel Akanji,1,1,Switzerland
Manuel Amoros,1,1,France
Manuel Negrete Arias,1,1,Mexico
Manuel Sanchís,1,1,Spain
Maouhoub Ghazouani,1,1,Morocco
Marc Berdoll,1,1,France
Marc Overmars,1,1,Netherlands
Marc Rieper,1,1,Denmark
Marcel Langiller,1,1,France
Marcelino Bernal,1,1,Mexico
Marcell Jansen,1,1,Germany
Marcin Zewlakow,1,1,Poland
Marco Asensio,1,1,Spain
Marco Bode,1,1,Germany
Marco Reus,1,1,Germany
Marco Ureña,1,1,Costa Rica
Marcos Coll,1,1,Colombia
Marcus Allbäck,1,1,Sweden
Marino Klinger,1,1,Colombia
Mario Balotelli,1,1,Italy
Mario Evaristo,1,1,Argentina
Mario Stani,1,1,Croatia
Marius Trésor,1,1,France
Mark González,1,1,Chile
Mark Wright,1,1,England
Marko Livaja,1,1,Croatia
Marko Panteli,1,1,Serbia
Martin Hoffmann,1,1,Germany DR
Martin Jørgensen,1,1,Denmark
Martín Demichelis,1,1,Argentina
Martín Palermo,1,1,Argentina
Masashi Nakayama,1,1,Japan
Mathew Leckie,1,1,Australia
Mathias Jørgensen,1,1,Denmark
Mathieu Valbuena,1,1,France
Matt Holland,1,1,Republic of Ireland
Matthew Upson,1,1,England
Matthias Sindelar,1,1,Austria
Mauricio Pineda,1,1,Argentina
Mauricio Wright,1,1,Costa Rica
Maxi Pereira,1,1,Uruguay
Maxime Bossis,1,1,France
Mehdi Mahdavikia,1,1,IR Iran
Michael Bradley,1,1,United States
Michel De Wolf,1,1,Belgium
Miguel Ángel Benítez,1,1,Paraguay
Miguel Ángel Brindisi,1,1,Argentina
Miguel Ángel Neira,1,1,Chile
Milan Badelj,1,1,Croatia
Milan Jovanovic,1,1,Serbia
Milan Luhový,1,1,Czechoslovakia
Milan Rapaic,1,1,Croatia
Milenko Acimovic,1,1,Slovenia
Miloš Milutinovi,1,1,Yugoslavia
Miralem Pjani,1,1,Bosnia and Herzegovina
Mislav Orši,1,1,Croatia
Mitchell Duke,1,1,Australia
Mo Johnston,1,1,Scotland
Mohamed Kader,1,1,Togo
Mohammed Chaouch,1,1,Morocco
Mohammed Muntari,1,1,Qatar
Mohammed Salisu,1,1,Ghana
Moisés Caicedo,1,1,Ecuador
Mokhtar Dhouieb,1,1,Tunisia
Mordechai Spiegler,1,1,Israel
Moussa Sissoko,1,1,France
Moussa Wagué,1,1,Senegal
Mustafa Ertan,1,1,Türkiye
Mustapha Hadji,1,1,Morocco
Mutiu Adepoju,1,1,Nigeria
Márcio Santos,1,1,Brazil
Mário Fernandes,1,1,Russia
Márton Esterházy,1,1,Hungary
Nacer Chadli,1,1,Belgium
Nacho,1,1,Spain
Nahuel Molina,1,1,Argentina
Nani,1,1,Portugal
Niall Quinn,1,1,Republic of Ireland
Nicklas Bendtner,1,1,Denmark
Niclas Alexandersson,1,1,Sweden
Nicolae Kovács,1,1,Romania
Nikita Simonyan,1,1,Soviet Union
Niko Kova,1,1,Croatia
Norberto Menéndez,1,1,Argentina
Norman Whiteside,1,1,Northern Ireland
Nuno Gomes,1,1,Portugal
Néjib Ghommidh,1,1,Tunisia
Nílton Santos,1,1,Brazil
Ola Toivonen,1,1,Sweden
Oleh Protasov,1,1,Soviet Union
Oribe Peralta,1,1,Mexico
Oscar Heisserer,1,1,France
Oscar Ruggeri,1,1,Argentina
Osman Bukari,1,1,Ghana
Osvaldo Ardiles,1,1,Argentina
Otto Siffling,1,1,Germany
Ove Grahn,1,1,Sweden
Pablo Armero,1,1,Colombia
Pablo Bengoechea,1,1,Uruguay
Paik Seung-ho,1,1,Korea Republic
Pak Doo-ik,1,1,Korea DPR
Paolo Barison,1,1,Italy
Paolo Guerrero,1,1,Peru
Pape Malick Diop,1,1,Senegal
Park Chang-sun,1,1,Korea Republic
Park Chu-young,1,1,Korea Republic
Patrick Vervoort,1,1,Belgium
Paul Caligiuri,1,1,United States
Paul Mariner,1,1,England
Paul Scholes,1,1,England
Paulinho,1,1,Brazil
Pavlo Yakovenko,1,1,Soviet Union
Pawel Kryszalowicz,1,1,Poland
Pedro Monzón,1,1,Argentina
Pedro Pasculli,1,1,Argentina
Pedro Rocha,1,1,Uruguay
Pedro Troglio,1,1,Argentina
Pep Guardiola,1,1,Spain
Petar Radakovi,1,1,Yugoslavia
Peter Beardsley,1,1,England
Peter Crouch,1,1,England
Peter Lorimer,1,1,Scotland
Peter Møller,1,1,Denmark
Peter Odemwingie,1,1,Nigeria
Peter Van der Heyden,1,1,Belgium
Phil Foden,1,1,England
Philipp Lahm,1,1,Germany
Philippe Senderos,1,1,Switzerland
Pierre Njanka,1,1,Cameroon
Pierre van Hooijdonk,1,1,Netherlands
Pietro Anastasi,1,1,Italy
Pietro Ferraris,1,1,Italy
Piotr Zielinski,1,1,Poland
Pirri,1,1,Spain
Plamen Getov,1,1,Bulgaria
Predrag Mijatovi,1,1,FR Yugoslavia
Pál Teleki,1,1,Hungary
Quinton Fortune,1,1,South Africa
Rabah Madjer,1,1,Algeria
Radamel Falcao,1,1,Colombia
Radhi Jaïdi,1,1,Tunisia
Radivoje Ognjanovi,1,1,Yugoslavia
Rafik Halliche,1,1,Algeria
Raheem Sterling,1,1,England
Rainer Bonhof,1,1,West Germany
Rajko Miti,1,1,Yugoslavia
Ramaz Shengelia,1,1,Soviet Union
Ramin Rezaeian,1,1,IR Iran
Ramón Díaz,1,1,Argentina
Ramón Heredia,1,1,Argentina
Randal Kolo Muani,1,1,France
Raouf Bouzaiene,1,1,Tunisia
Raphaël Guerreiro,1,1,Portugal
Raphaël Varane,1,1,France
Rashidi Yekini,1,1,Nigeria
Raul Meireles,1,1,Portugal
Ray Houghton,1,1,Republic of Ireland
Raí,1,1,Brazil
Raúl Servín,1,1,Mexico
Reinhard Libuda,1,1,West Germany
Reinhold Hintermaier,1,1,Austria
Remo Freuler,1,1,Switzerland
Renato Augusto,1,1,Brazil
Renato Zaccarelli,1,1,Italy
René Bader,1,1,Switzerland
René Girard,1,1,France
René van de Kerkhof,1,1,Netherlands
René-Pierre Quentin,1,1,Switzerland
Reza Ghoochannejad,1,1,IR Iran
Ricardo Horta,1,1,Portugal
Ricardo Pavoni,1,1,Uruguay
Ricardo Quaresma,1,1,Portugal
Richard Herrmann,1,1,Germany
Richard Morales,1,1,Uruguay
Rildo da Costa Menezes,1,1,Brazil
Rio Ferdinand,1,1,England
Robbie Earle,1,1,Jamaica
Robert Jarni,1,1,Croatia
Robert Koren,1,1,Slovenia
Roberto,1,1,Brazil
Roberto Ayala,1,1,Argentina
Roberto Carlos,1,1,Brazil
Roberto Challe,1,1,Peru
Roberto Firmino,1,1,Brazil
Roberto Gayón,1,1,Mexico
Roberto López Ufarte,1,1,Spain
Rodrigo Millar,1,1,Chile
Roger Ljung,1,1,Sweden
Rolf Wüthrich,1,1,Switzerland
Romain Saïss,1,1,Morocco
Romaric,1,1,Côte d'Ivoire
Ronald Koeman,1,1,Netherlands
Roozbeh Cheshmi,1,1,IR Iran
Roque Santa Cruz,1,1,Paraguay
Rubén Ayala,1,1,Argentina
Rubén Toribio Díaz,1,1,Peru
Rudolf Noack,1,1,Germany
Rui Costa,1,1,Portugal
Ruud Gullit,1,1,Netherlands
Ruud Krol,1,1,Netherlands
Ruud van Nistelrooy,1,1,Netherlands
Róger Flores,1,1,Costa Rica
Rónald González Brenes,1,1,Costa Rica
Rüdiger Abramczik,1,1,West Germany
Sadio Mané,1,1,Senegal
Saeed Al-Owairan,1,1,Saudi Arabia
Safet Suši,1,1,Yugoslavia
Saleh Al-Shehri,1,1,Saudi Arabia
Salif Diao,1,1,Senegal
Salman Al-Faraj,1,1,Saudi Arabia
Salomon Kalou,1,1,Côte d'Ivoire
Sammy Baird,1,1,Scotland
Samson Siasia,1,1,Nigeria
Samuel Umtiti,1,1,France
Sandro Mazzola,1,1,Italy
Saša Ili,1,1,Serbia and Montenegro
Sebastjan Cimirotic,1,1,Slovenia
Seo Jung-won,1,1,Korea Republic
Seol Ki-hyeon,1,1,Korea Republic
Serge Gnabry,1,1,Germany
Sergei Aleinikov,1,1,Soviet Union
Sergei Pavlovich Baltacha,1,1,Soviet Union
Sergej Milinkovic-Savic,1,1,Serbia
Sergey Rodionov,1,1,Soviet Union
Sergio Ahumada,1,1,Chile
Serhiy Rebrov,1,1,Ukraine
Shane Smeltz,1,1,New Zealand
Shinji Kagawa,1,1,Japan
Shunsuke Nakamura,1,1,Japan
Sigfried Held,1,1,West Germany
Silvestre Varela,1,1,Portugal
Silviu Bindea,1,1,Romania
Sinha,1,1,Mexico
Siniša Mihajlovi,1,1,FR Yugoslavia
Siphiwe Tshabalala,1,1,South Africa
Siyabonga Nomvethe,1,1,South Africa
Skander Souayah,1,1,Tunisia
Sofiane Feghouli,1,1,Algeria
Sohrab Bakhtiarizadeh,1,1,IR Iran
Sokratis Papastathopoulos,1,1,Greece
Sol Campbell,1,1,England
Song Chong-gug,1,1,Korea Republic
Stan Mortensen,1,1,England
Stanislaus Kobierski,1,1,Germany
Stefan Majewski,1,1,Poland
Stefan de Vrij,1,1,Netherlands
Stephen Appiah,1,1,Ghana
Steve Archibald,1,1,Scotland
Steve Sumner,1,1,New Zealand
Steve Wooddin,1,1,New Zealand
Steven Zuber,1,1,Switzerland
Stjepan Bobek,1,1,Yugoslavia
Strahinja Pavlovic,1,1,Serbia
Stuart McCall,1,1,Scotland
Stéphane Chapuisat,1,1,Switzerland
Stéphane Demol,1,1,Belgium
Sunday Oliseh,1,1,Nigeria
Sándor Zombori,1,1,Hungary
Søren Lerby,1,1,Denmark
Takayuki Suzuki,1,1,Japan
Takuma Asano,1,1,Japan
Tarcisio Burgnich,1,1,Italy
Teboho Mokoena,1,1,South Africa
Tedj Bensaoula,1,1,Algeria
Terry Medwin,1,1,Wales
Teófilo Gutiérrez,1,1,Colombia
Theo Hernández,1,1,France
Theo de Jong,1,1,Netherlands
Thomas Helveg,1,1,Denmark
Thomas Linke,1,1,Germany
Thomas Meunier,1,1,Belgium
Thomas Sjöberg,1,1,Sweden
Tihomir Ognjanov,1,1,Yugoslavia
Tijani Babangida,1,1,Nigeria
Timothy Weah,1,1,United States
Todor Kolev,1,1,Bulgaria
Tom Florie,1,1,United States
Tom Turesson,1,1,Sweden
Tomás Balcázar,1,1,Mexico
Tomás Fernández,1,1,Cuba
Toni Polster,1,1,Austria
Tore André Flo,1,1,Norway
Tore Keller,1,1,Sweden
Torsten Frings,1,1,Germany
Tranquillo Barnetta,1,1,Switzerland
Txiki Begiristain,1,1,Spain
Uli Hoeneß,1,1,West Germany
Uwe Bein,1,1,West Germany
Uwe Reinders,1,1,West Germany
Valdomiro Vaz Franco,1,1,Brazil
Valeri Karpin,1,1,Russia
Valter Birsa,1,1,Slovenia
Vasilis Torosidis,1,1,Greece
Vasyl Rats,1,1,Soviet Union
Vedad Ibiševi,1,1,Bosnia and Herzegovina
Victor Ikpeba,1,1,Nigeria
Victor Moses,1,1,Nigeria
Vilmos Kohut,1,1,Hungary
Vinicius Júnior,1,1,Brazil
Vitaliy Khmelnytskyi,1,1,Soviet Union
Vladimir Beschastnykh,1,1,Russia
Vladimir Petrovi,1,1,Yugoslavia
Vladislav Bogievi,1,1,Yugoslavia
Vlastimil Kopecký,1,1,Czechoslovakia
Vojislav Meli,1,1,Yugoslavia
Václav Mašek,1,1,Czechoslovakia
Víctor Espárrago,1,1,Uruguay
Víctor Rangel,1,1,Mexico
Wayne Rooney,1,1,England
Wesley Sonck,1,1,Belgium
Wilbur Cush,1,1,Northern Ireland
Wilf Mannion,1,1,England
Wilhelm Hahnemann,1,1,Germany
Willy Jäggi,1,1,Switzerland
Willy van de Kerkhof,1,1,Netherlands
Wilson Oruma,1,1,Nigeria
Wim Kieft,1,1,Netherlands
Winston Parks,1,1,Costa Rica
Winston Reid,1,1,New Zealand
Wodzimierz Cioek,1,1,Poland
Wolfgang Weber,1,1,West Germany
Yacine Brahimi,1,1,Algeria
Yahya Golmohammadi,1,1,IR Iran
Yakubu Aiyegbeni,1,1,Nigeria
Yang Seung-kook,1,1,Korea DPR
Yasser Al-Qahtani,1,1,Saudi Arabia
Yasuhito End,1,1,Japan
Yaya Touré,1,1,Côte d'Ivoire
Yegor Titov,1,1,Russia
Yeltsin Tejeda,1,1,Costa Rica
Youri Djorkaeff,1,1,France
Yousuf Al-Thunayan,1,1,Saudi Arabia
Yuri Gavrilov,1,1,Soviet Union
Yuri Gazinskiy,1,1,Russia
Yussuf Poulsen,1,1,Denmark
Yuya Osako,1,1,Japan
Yvon Douis,1,1,France
Zakaria Aboukhlal,1,1,Morocco
Zdravko Rajkov,1,1,Yugoslavia
Ziad Jaziri,1,1,Tunisia
Zito,1,1,Brazil
Zlatan Ljubijankic,1,1,Slovenia
Zé Roberto,1,1,Brazil
lkay Gündoan,1,1,Germany
Álvaro Pereira,1,1,Uruguay
Álvaro Recoba,1,1,Uruguay
Ángel Cabrera,1,1,Uruguay
Édison Méndez,1,1,Ecuador
Émile Veinante,1,1,France
Óscar Duarte,1,1,Costa Rica
